{"cameraMode":{"drawMode":0,"name":"Shaded","section":"Shading Mode"},"sceneLighting":false,"audioPlay":false,"sceneViewState":{"showFog":true,"showMaterialUpdate":true,"showSkybox":true,"showFlares":true,"showImageEffects":true,"showParticleSystems":true},"in2DMode":false,"pivot":{"x":7.251008987426758,"y":-0.8849983215332031,"z":-5.004842758178711},"rotation":{"x":-0.05539686232805252,"y":0.9444567561149597,"z":-0.23745039105415345,"w":-0.22034059464931489},"size":42.48686218261719,"orthographic":false}